,Date,Subject,Pass Mark,Candidates Entered,Candidates Passed,Pass Rate,Filepath
0,april 2019,cb1,60,Error,Error,Error,pdfs2\IandF_CB1_201904_Examiners_Report.pdf
1,september 2019,cb1,55,Error,Error,Error,pdfs2\IandF_CB1_201909_Examiners_Report.pdf
2,april 2020,cb1,57,774,462,0.5968992248062015,pdfs2\IandF_CB1_202004_Examiners_Report_1.1.pdf
3,september 2020,cb1,58,1037,634,0.6113789778206364,pdfs2\IandF_CB1_202009_Examiners_Report.pdf
4,april 2021,cb1,58,1213,744,0.6133553173948887,pdfs2\IandF_CB1_202104_Examiners_Report.pdf
5,september 2021,cb1,54,1015,567,0.5586206896551724,pdfs2\IandF_CB1_202109_Examiner Report.pdf
6,april 2022,cb1,57,1077,628,0.5831012070566388,pdfs2\IandF_CB1_202204_Examiner Report.pdf
7,september 2022,cb1,57,921,554,0.6015200868621065,pdfs2\IandF_CB1_202209_Examiner Report.pdf
8,april 2023,cb1,57,1080,671,0.6212962962962963,pdfs2\IandF_CB1_202304_Examiner report.pdf
9,september 2023,cb1,60,1112,676,0.6079136690647482,pdfs2\IandF_CB1_202309_Examiner Report.pdf
10,april 2019,cb2,60,Error,Error,Error,pdfs2\IandF_CB2_201904_Examiners_Report.pdf
11,september 2019,cb2,60,Error,Error,Error,pdfs2\IandF_CB2_201909_Examiners_Report.pdf
12,april 2020,cb2,65,629,477,0.7583465818759937,pdfs2\IandF_CB2_202004_Examiners_Report_1.1.pdf
13,september 2020,cb2,60,1079,703,0.6515291936978684,pdfs2\IandF_CB2_202009_Examiners_Report.pdf
14,september 2021,cb2,60,833,585,0.7022809123649459,pdfs2\IandF_CB2_202109_Examiner Report.pdf
15,april 2022,cb2,60,795,501,0.630188679245283,pdfs2\IandF_CB2_202204_Examiner Report.pdf
16,september 2022,cb2,60,859,627,0.729918509895227,pdfs2\IandF_CB2_202209_Examiner Report.pdf
17,april 2023,cb2,60,833,514,0.617046818727491,pdfs2\IandF_CB2_202304_Examiner Report.pdf
18,september 2019,cm1,55,Error,Error,Error,pdfs2\IandF_CM1A_201909_Examiners_Report.pdf
19,september 2022,cm1,58,1419,419,0.2952783650458069,pdfs2\IandF_CM1A_202209_Examiner Report.pdf
20,april 2023,cm1,62,1903,775,0.4072517078297425,pdfs2\IandF_CM1A_202304_Examiner report.pdf
21,september 2023,cm1,54,1557,492,0.3159922928709056,pdfs2\IandF_CM1A_202309_Examiner Report.pdf
22,september 2019,cm1,55,Error,Error,Error,pdfs2\IandF_CM1B_201909_Examiners_Report.pdf
23,september 2020,cm1,58,1717,797,0.46418171228887595,pdfs2\IandF_CM1B_202009_Examiners_Report.pdf
24,september 2022,cm1,58,1419,419,0.2952783650458069,pdfs2\IandF_CM1B_202209_Examiner Report.pdf
25,april 2023,cm1,62,1903,775,0.4072517078297425,pdfs2\IandF_CM1B_202304_Examiner report.pdf
26,september 2023,cm1,54,1557,492,0.3159922928709056,pdfs2\IandF_CM1B_202309_Examiner Report.pdf
27,april 2021,cm1,58,1856,941,0.5070043103448276,pdfs2\IandF_CM1_Paper A_202104_Examiners_Report.pdf
28,september 2021,cm1,53,1344,533,0.39657738095238093,pdfs2\IandF_CM1_Paper A_202109_Examiner Report.pdf
29,april 2022,cm1,58,1644,520,0.31630170316301703,pdfs2\IandF_CM1_Paper A_202204_Examiner Report.pdf
30,april 2021,cm1,58,1856,941,0.5070043103448276,pdfs2\IandF_CM1_Paper B_202104_Examiners_Report.pdf
31,september 2021,cm1,53,1344,533,0.39657738095238093,pdfs2\IandF_CM1_Paper B_202109_Examiner Report.pdf
32,april 2022,cm1,58,1644,520,0.31630170316301703,pdfs2\IandF_CM1_Paper B_202204_Examiner Report.pdf
33,september 2019,cm2,61,Error,Error,Error,pdfs2\IandF_CM2A_201909_Examiners_Report.pdf
34,september 2020,cm2,60,1450,703,0.48482758620689653,pdfs2\IandF_CM2A_202009_Examiners_Report.pdf
35,april 2021,cm2,60,1309,445,0.33995416348357527,pdfs2\IandF_CM2A_202104_Examiners_Report.pdf
36,september 2021,cm2,63,1398,682,0.48783977110157367,pdfs2\IandF_CM2A_202109_Examiner Report.pdf
37,september 2022,cm2,58,1301,528,0.40584166026133744,pdfs2\IandF_CM2A_202209_Examiner Report.pdf
38,april 2023,cm2,57,1297,558,0.4302235929067078,pdfs2\IandF_CM2A_202304_Examiner report.pdf
39,september 2023,cm2,57,1261,531,0.4210943695479778,pdfs2\IandF_CM2A_202309_Examiner Report.pdf
40,september 2019,cm2,61,Error,Error,Error,pdfs2\IandF_CM2B_201909_Examiners_Report.pdf
41,april 2021,cm2,60,1309,445,0.33995416348357527,pdfs2\IandF_CM2B_202104_Examiners_Report.pdf
42,september 2021,cm2,63,1398,682,0.48783977110157367,pdfs2\IandF_CM2B_202109_Examiner Report.pdf
43,september 2022,cm2,58,1301,528,0.40584166026133744,pdfs2\IandF_CM2B_202209_Examiner Report.pdf
44,april 2023,cm2,57,1297,540,0.4163454124903624,pdfs2\IandF_CM2B_202304_Examiner report.pdf
45,september 2022,cp1,54,700,277,0.39571428571428574,pdfs2\IandF_CP1 Paper 1_202209_Examiner Report.pdf
46,september 2022,cp1,54,700,277,0.39571428571428574,pdfs2\IandF_CP1 Paper 2_202209_Examiner Report.pdf
47,september 2023,cp1,57,802,341,0.4251870324189526,pdfs2\IandF_CP11_202309_Examiner Report.pdf
48,september 2023,cp1,57,802,341,0.4251870324189526,pdfs2\IandF_CP12_202309_Examiner Report.pdf
49,april 2021,cp1,55,1117,500,0.4476275738585497,pdfs2\IandF_CP1_Paper 1_202104_Examiners_Report.pdf
50,september 2021,cp1,55,708,254,0.3587570621468927,pdfs2\IandF_CP1_paper 1_202109_Examiner Report.pdf
51,april 2022,cp1,54,1187,506,0.42628475147430495,pdfs2\IandF_CP1_Paper 1_202204_ Examiner Report.pdf
52,april 2021,cp1,55,1117,500,0.4476275738585497,pdfs2\IandF_CP1_Paper 2_202104_Examiners_Report.pdf
53,september 2021,cp1,55,708,254,0.3587570621468927,pdfs2\IandF_CP1_Paper 2_202109_Examiner Report.pdf
54,april 2022,cp1,54,1187,506,0.42628475147430495,pdfs2\IandF_CP1_Paper 2_202204_ Examiner Report.pdf
55,september 2019,cp1,55,Error,Error,Error,pdfs2\IandF_CP1_paper1_201909_Examiners_Report.pdf
56,april 2020,cp1,57,997,454,0.45536609829488467,pdfs2\IandF_CP1_paper1_202004_Examiners_Report_1.2.pdf
57,september 2020,cp1,55,878,364,0.4145785876993166,pdfs2\IandF_CP1_paper1_202009_Examiners_Report.pdf
58,september 2019,cp1,55,Error,Error,Error,pdfs2\IandF_CP1_paper2_201909_Examiners_Report.pdf
59,april 2020,cp1,57,997,454,0.45536609829488467,pdfs2\IandF_CP1_paper2_202004_Examiners_Report_1.1.pdf
60,september 2020,cp1,55,878,364,0.4145785876993166,pdfs2\IandF_CP1_paper2_202009_Examiners_Report.pdf
61,april 2023,cp2,60,1107,708,0.6395663956639567,pdfs2\IandF_CP2 2_202304_Examiner report.pdf
62,september 2022,cp2,57,1349,775,0.5744996293550778,pdfs2\IandF_CP2 Paper 1_202209_Examiner Report.pdf
63,september 2022,cp2,57,1349,775,0.5744996293550778,pdfs2\IandF_CP2 Paper 2_202209_Examiner Report.pdf
64,april 2023,cp2,60,1107,708,0.6395663956639567,pdfs2\IandF_CP21_202304_Examiner Report.pdf
65,september 2023,cp2,58,1250,714,0.5712,pdfs2\IandF_CP21_202309_Examiner Report.pdf
66,september 2019,cp2,60,Error,Error,Error,pdfs2\IandF_CP2_201909_Examiners_Report.pdf
67,september 2020,cp2,58,1252,797,0.6365814696485623,pdfs2\IandF_CP2_202009_Examiners_Report.pdf
68,april 2021,cp2,61,1021,590,0.5778648383937316,pdfs2\IandF_CP2_202104_Examiners_Report_v1.pdf
69,september 2021,cp2,60,1148,776,0.6759581881533101,pdfs2\IandF_CP2_paper 1_202109_Examiner Report.pdf
70,april 2022,cp2,58,1097,644,0.5870556061987238,pdfs2\IandF_CP2_paper 1_202204_Examiner Report.pdf
71,september 2021,cp2,60,1148,776,0.6759581881533101,pdfs2\IandF_CP2_paper 2_202109_Examiner Report.pdf
72,april 2022,cp2,58,1097,644,0.5870556061987238,pdfs2\IandF_CP2_paper 2_202204_Examiner Report.pdf
73,september 2019,cp3,57,Error,Error,Error,pdfs2\IandF_CP3_201909_Examiners_Report.pdf
74,april 2020,cp3,55,1333,674,0.5056264066016504,pdfs2\IandF_CP3_202004_Examiners_Report_1.1.pdf
75,september 2020,cp3,55,1560,809,0.5185897435897436,pdfs2\IandF_CP3_202009_Examiners_Report.pdf
76,april 2021,cp3,59,1267,720,0.5682715074980268,pdfs2\IandF_CP3_202104_Examiners_Report_v1.pdf
77,september 2021,cp3,56,1311,748,0.5705568268497331,pdfs2\IandF_CP3_202109_Examiner Report.pdf
78,september 2022,cp3,54,1448,764,0.5276243093922652,pdfs2\IandF_CP3_202209_Examiner Report.pdf
79,april 2023,cp3,56,1451,766,0.5279117849758787,pdfs2\IandF_CP3_202304_Examiner Report.pdf
80,september 2023,cp3,56,1743,1208,0.6930579460699943,pdfs2\IandF_CP3_202309_Examiner Report.pdf
81,april 2021,cs1,56,1482,779,0.5256410256410257,pdfs2\IandF_CS1 Paper A_202104_Examiners_Report.pdf
82,april 2021,cs1,56,1482,779,0.5256410256410257,pdfs2\IandF_CS1 Paper B_202104_Examiners_Report.pdf
83,april 2019,cs1,58,Error,Error,Error,pdfs2\IandF_CS1A_201904_Examiners_Report.pdf
84,september 2019,cs1,55,Error,Error,Error,pdfs2\IandF_CS1A_201909_Examiners_Report.pdf
85,september 2020,cs1,60,1189,823,0.6921783010933558,pdfs2\IandF_CS1A_202009_Examiners_Report.pdf
86,september 2021,cs1,58,1372,578,0.42128279883381925,pdfs2\IandF_CS1A_202109_Examiner Report.pdf
87,september 2022,cs1,55,1302,539,0.41397849462365593,pdfs2\IandF_CS1A_202209_Examiner Report.pdf
88,april 2023,cs1,62,1460,746,0.510958904109589,pdfs2\IandF_CS1A_202304_Examiner Report.pdf
89,september 2023,cs1,60,1508,730,0.48408488063660476,pdfs2\IandF_CS1A_202309_Examiner Report.pdf
90,april 2019,cs1,58,Error,Error,Error,pdfs2\IandF_CS1B_201904_Examiners_Report.pdf
91,september 2019,cs1,55,Error,Error,Error,pdfs2\IandF_CS1B_201909_Examiners_Report.pdf
92,september 2020,cs1,60,1189,823,0.6921783010933558,pdfs2\IandF_CS1B_202009_Examiners_Report.pdf
93,september 2021,cs1,58,1372,578,0.42128279883381925,pdfs2\IandF_CS1B_202109_Examiner Report.pdf
94,september 2022,cs1,55,1302,539,0.41397849462365593,pdfs2\IandF_CS1B_202209_Examiner Report.pdf
95,april 2023,cs1,62,1460,746,0.510958904109589,pdfs2\IandF_CS1B_202304_Examiner Report.pdf
96,september 2023,cs1,60,1508,730,0.48408488063660476,pdfs2\IandF_CS1B_202309_Examiner Report.pdf
97,april 2022,cs1,59,1311,579,0.4416475972540046,pdfs2\IandF_CS1_Paper A_202204_Examiner Report.pdf
98,april 2022,cs1,59,1311,579,0.4416475972540046,pdfs2\IandF_CS1_Paper B_202204_Examiner Report.pdf
99,april 2019,cs2,55,Error,Error,Error,pdfs2\IandF_CS2A_201904_Examiner Report.pdf
100,september 2019,cs2,58,Error,Error,Error,pdfs2\IandF_CS2A_201909_Examiners_Report.pdf
101,september 2020,cs2,56,1363,476,0.3492296404988995,pdfs2\IandF_CS2A_202009_Examiners_Report.pdf
102,september 2021,cs2,58,1264,440,0.34810126582278483,pdfs2\IandF_CS2A_202109_Examiner Report.pdf
103,september 2022,cs2,55,978,195,0.19938650306748465,pdfs2\IandF_CS2A_202209_Examiner Report.pdf
104,april 2023,cs2,51,1226,376,0.3066884176182708,pdfs2\IandF_CS2A_202304_Examiner Report.pdf
105,september 2023,cs2,55,993,331,0.3333333333333333,pdfs2\IandF_CS2A_202309_Examiner Report.pdf
106,april 2019,cs2,55,Error,Error,Error,pdfs2\IandF_CS2B_201904_Examiner Report.pdf
107,september 2019,cs2,58,Error,Error,Error,pdfs2\IandF_CS2B_201909_Examiners_Report.pdf
108,september 2020,cs2,56,1363,476,0.3492296404988995,pdfs2\IandF_CS2B_202009_Examiners_Report.pdf
109,september 2021,cs2,58,1264,440,0.34810126582278483,pdfs2\IandF_CS2B_202109_Examiner Report.pdf
110,september 2022,cs2,55,987,195,0.19756838905775076,pdfs2\IandF_CS2B_202209_Examiner Report.pdf
111,april 2023,cs2,51,1226,376,0.3066884176182708,pdfs2\IandF_CS2B_202304_Examiner Report.pdf
112,september 2023,cs2,55,993,331,0.3333333333333333,pdfs2\IandF_CS2B_202309_Examiner Report.pdf
113,april 2022,cs2,57,1175,452,0.38468085106382977,pdfs2\IandF_CS2_Paper A_202204_Examiner Report.pdf
114,april 2022,cs2,57,1175,452,0.38468085106382977,pdfs2\IandF_CS2_Paper B_202204_Examiner Report.pdf
115,april 2021,cs2,55,1422,480,0.33755274261603374,pdfs2\IandF_CS2_Paper_A_202104_Examiners_Report.pdf
116,april 2021,cs2,55,1422,480,0.33755274261603374,pdfs2\IandF_CS2_Paper_B_202104_Examiners_Report.pdf
117,april 2019,sa1,55,Error,Error,Error,pdfs2\IandF_SA1_201904_Examiners_Report.pdf
118,september 2019,sa1,57,Error,Error,Error,pdfs2\IandF_SA1_201909_Examiners_Report.pdf
119,april 2020,sa1,62,69,36,0.5217391304347826,pdfs2\IandF_SA1_202004_Examiners_Report_1.1.pdf
120,september 2020,sa1,60,54,20,0.37037037037037035,pdfs2\IandF_SA1_202009_Examiners_Report.pdf
121,april 2021,sa1,60,65,20,0.3076923076923077,pdfs2\IandF_SA1_202104_Examiners_Report.pdf
122,september 2021,sa1,58,56,17,0.30357142857142855,pdfs2\IandF_SA1_202109_Examiner Report.pdf
123,april 2022,sa1,59,66,23,0.3484848484848485,pdfs2\IandF_SA1_202204_Examiner Report.pdf
124,september 2022,sa1,57,59,26,0.4406779661016949,pdfs2\IandF_SA1_202209_Examiner Report.pdf
125,april 2023,sa1,58,63,24,0.38095238095238093,pdfs2\IandF_SA1_202304_Examiner Report.pdf
126,september 2023,sa1,55,60,19,0.31666666666666665,pdfs2\IandF_SA1_202309_Examiner Report.pdf
127,september 2019,sa2,62,Error,Error,Error,pdfs2\IandF_SA2_201909_Examiners_Report.pdf
128,april 2020,sa2,63,354,180,0.5084745762711864,pdfs2\IandF_SA2_202004_Examiners_Report_1.1.pdf
129,april 2021,sa2,58,425,161,0.3788235294117647,pdfs2\IandF_SA2_202104_Examiners_Report.pdf
130,september 2021,sa2,59,392,151,0.3852040816326531,pdfs2\IandF_SA2_202109_Examiner Report.pdf
131,september 2022,sa2,52,428,137,0.32009345794392524,pdfs2\IandF_SA2_202209_Examiner Report.pdf
132,april 2023,sa2,60,534,195,0.3651685393258427,pdfs2\IandF_SA2_202304_Examiner Report.pdf
133,september 2023,sa2,60,521,179,0.3435700575815739,pdfs2\IandF_SA2_202309_Examiner Report.pdf
134,april 2022,sa2,60,485,170,0.35051546391752575,pdfs2\IandF_SA2__202204_Examiner Report.pdf
135,april 2019,sa3,61,Error,Error,Error,pdfs2\IandF_SA3_201904_Examiners_Report.pdf
136,september 2019,sa3,60,Error,Error,Error,pdfs2\IandF_SA3_201909_Examiners_Report.pdf
137,april 2020,sa3,63,388,127,0.327319587628866,pdfs2\IandF_SA3_202004_Examiners_Report_1.1.pdf
138,september 2020,sa3,65,394,183,0.46446700507614214,pdfs2\IandF_SA3_202009_Examiners_Report.pdf
139,april 2021,sa3,62,351,106,0.301994301994302,pdfs2\IandF_SA3_202104_Examiners_Report.pdf
140,september 2021,sa3,65,321,128,0.3987538940809969,pdfs2\IandF_SA3_202109_Examiner Report.pdf
141,september 2022,sa3,62,360,103,0.2861111111111111,pdfs2\IandF_SA3_202209_Examiner Report.pdf
142,april 2023,sa3,65,446,152,0.34080717488789236,pdfs2\IandF_SA3_202304_Examiner Report.pdf
143,september 2023,sa3,65,425,133,0.3129411764705882,pdfs2\IandF_SA3_202309_Examiner Report.pdf
144,april 2019,sa4,57,Error,Error,Error,pdfs2\IandF_SA4_201904_Examiners_Report.pdf
145,september 2019,sa4,55,Error,Error,Error,pdfs2\IandF_SA4_201909_Examiners_Report.pdf
146,april 2020,sa4,55,203,59,0.29064039408866993,pdfs2\IandF_SA4_202004_Examiners_Report.pdf
147,september 2020,sa4,55,217,87,0.4009216589861751,pdfs2\IandF_SA4_202009_Examiners_Report.pdf
148,april 2021,sa4,61,202,60,0.297029702970297,pdfs2\IandF_SA4_202104_Examiners_Report.pdf
149,september 2021,sa4,60,162,51,0.3148148148148148,pdfs2\IandF_SA4_202109_Examiner Report.pdf
150,april 2022,sa4,57,189,55,0.291005291005291,pdfs2\IandF_SA4_202204_ Examiner Report.pdf
151,september 2022,sa4,53,175,46,0.26285714285714284,pdfs2\IandF_SA4_202209_Examiner Report.pdf
152,april 2023,sa4,57,209,80,0.3827751196172249,pdfs2\IandF_SA4_202304_Examiner Report.pdf
153,september 2023,sa4,54,168,64,0.38095238095238093,pdfs2\IandF_SA4_202309_ Examiner Report.pdf
154,april 2019,sa7,61,Error,Error,Error,pdfs2\IandF_SA7_201904_Examiners_Report.pdf
155,september 2019,sa7,62,Error,Error,Error,pdfs2\IandF_SA7_201909_Examiners_Report.pdf
156,april 2020,sa7,62,92,36,0.391304347826087,pdfs2\IandF_SA7_202004_Examiners_Report.pdf
157,september 2020,sa7,59,112,54,0.48214285714285715,pdfs2\IandF_SA7_202009_Examiners_Report.pdf
158,april 2021,sa7,60,106,44,0.41509433962264153,pdfs2\IandF_SA7_202104_Examiners_Report.pdf
159,september 2021,sa7,60,72,26,0.3611111111111111,pdfs2\IandF_SA7_202109_Examiner Report.pdf
160,april 2023,sa7,58,97,42,0.4329896907216495,pdfs2\IandF_SA7_202304_Examiner Report.pdf
161,september 2023,sa7,59,113,51,0.45132743362831856,pdfs2\IandF_SA7_202309_Examiner Report.pdf
162,april 2019,sp1,63,Error,Error,Error,pdfs2\IandF_SP1_201904_Examiners_Report.pdf
163,september 2019,sp1,60,Error,Error,Error,pdfs2\IandF_SP1_201909_Examiners_Report.pdf
164,april 2020,sp1,60,206,91,0.441747572815534,pdfs2\IandF_SP1_202004_Examiners_Report_1.1.pdf
165,september 2020,sp1,60,276,128,0.463768115942029,pdfs2\IandF_SP1_202009_Examiners_Report.pdf
166,april 2021,sp1,63,286,153,0.534965034965035,pdfs2\IandF_SP1_202104_Examiners_Report.pdf
167,september 2021,sp1,60,262,120,0.4580152671755725,pdfs2\IandF_SP1_202109_ Examiner Report.pdf
168,april 2022,sp1,63,258,127,0.49224806201550386,pdfs2\IandF_SP1_202204_ Examiner Report.pdf
169,september 2022,sp1,60,244,125,0.5122950819672131,pdfs2\IandF_SP1_202209_Examiner Report.pdf
170,april 2023,sp1,60,240,109,0.45416666666666666,pdfs2\IandF_SP1_202304_Examiner report.pdf
171,september 2023,sp1,57,308,153,0.4967532467532468,pdfs2\IandF_SP1_202309_Examiner Report.pdf
172,september 2019,sp2,56,Error,Error,Error,pdfs2\IandF_SP2_201909_Examiners_Report.pdf
173,april 2020,sp2,56,421,182,0.4323040380047506,pdfs2\IandF_SP2_202004_Examiners_Report_1.1.pdf
174,september 2020,sp2,60,599,308,0.5141903171953256,pdfs2\IandF_SP2_202009_Examiners_Report.pdf
175,april 2021,sp2,57,477,228,0.4779874213836478,pdfs2\IandF_SP2_202104_Examiners_Report.pdf
176,september 2021,sp2,55,404,164,0.40594059405940597,pdfs2\IandF_SP2_202109_ Examiner Report.pdf
177,april 2022,sp2,53,423,157,0.37115839243498816,pdfs2\IandF_SP2_202204_ Examiner Report.pdf
178,september 2022,sp2,50,455,152,0.33406593406593404,pdfs2\IandF_SP2_202209_Examiner Report.pdf
179,april 2023,sp2,55,580,272,0.4689655172413793,pdfs2\IandF_SP2_202304_Examiner report.pdf
180,september 2023,sp2,56,567,231,0.4074074074074074,pdfs2\IandF_SP2_202309_Examiner Report.pdf
181,april 2019,sp4,60,Error,Error,Error,pdfs2\IandF_SP4_201904_Examiners_Report.pdf
182,september 2019,sp4,60,Error,Error,Error,pdfs2\IandF_SP4_201909_Examiners_Report.pdf
183,april 2020,sp4,62,177,46,0.2598870056497175,pdfs2\IandF_SP4_202004_Examiners_Report.pdf
184,september 2020,sp4,63,226,81,0.3584070796460177,pdfs2\IandF_SP4_202009_Examiners_Report.pdf
185,april 2021,sp4,63,178,74,0.4157303370786517,pdfs2\IandF_SP4_202104_Examiners_Report.pdf
186,september 2021,sp4,62,172,96,0.5581395348837209,pdfs2\IandF_SP4_202109_ Examiner Report.pdf
187,april 2022,sp4,64,137,75,0.5474452554744526,pdfs2\IandF_SP4_202204_ Examiner Report.pdf
188,september 2022,sp4,60,128,66,0.515625,pdfs2\IandF_SP4_202209_Examiner Report.pdf
189,april 2023,sp4,65,135,70,0.5185185185185185,pdfs2\IandF_SP4_202304_Examiner report.pdf
190,september 2023,sp4,63,158,80,0.5063291139240507,pdfs2\IandF_SP4_202309_Examiners Report.pdf
191,september 2019,sp5,58,Error,Error,Error,pdfs2\IandF_SP5_201909_Examiners_Report.pdf
192,april 2020,sp5,64,249,112,0.4497991967871486,pdfs2\IandF_SP5_202004_Examiners_Report_1.1.pdf
193,april 2021,sp5,55,280,122,0.4357142857142857,pdfs2\IandF_SP5_202104_Examiners_Report.pdf
194,september 2021,sp5,56,279,128,0.45878136200716846,pdfs2\IandF_SP5_202109_ Examiner Report.pdf
195,april 2022,sp5,57,256,115,0.44921875,pdfs2\IandF_SP5_202204_Examiner Report.pdf
196,september 2022,sp5,64,255,119,0.4666666666666667,pdfs2\IandF_SP5_202209_Examiner Report.pdf
197,april 2023,sp5,62,237,113,0.4767932489451477,pdfs2\IandF_SP5_202304_Examiner Report.pdf
198,september 2023,sp5,63,300,153,0.51,pdfs2\IandF_SP5_202309_Examiner Report.pdf
199,september 2021,sp6,60,38,15,0.39473684210526316,pdfs2\IandF_SP6 _202109_Examiner report.pdf
200,april 2019,sp6,60,Error,Error,Error,pdfs2\IandF_SP6_201904_Examiners_Report.pdf
201,september 2019,sp6,60,Error,Error,Error,pdfs2\IandF_SP6_201909_Examiners_Report.pdf
202,september 2020,sp6,60,68,23,0.3382352941176471,pdfs2\IandF_SP6_202009_Examiners_Report.pdf
203,april 2021,sp6,60,49,19,0.3877551020408163,pdfs2\IandF_SP6_202104_Examiners_Report.pdf
204,april 2022,sp6,55,41,11,0.2682926829268293,pdfs2\IandF_SP6_202204_ Examiner Report.pdf
205,september 2022,sp6,60,53,18,0.33962264150943394,pdfs2\IandF_SP6_202209_Examiner Report.pdf
206,april 2023,sp6,60,45,24,0.5333333333333333,pdfs2\IandF_SP6_202304_Examiner report.pdf
207,september 2023,sp6,60,45,27,0.6,pdfs2\IandF_SP6_202309_Examiner Report.pdf
208,april 2019,sp7,65,Error,Error,Error,pdfs2\IandF_SP7_201904_Examiners_Report.pdf
209,september 2019,sp7,61,Error,Error,Error,pdfs2\IandF_SP7_201909_Examiners_Report.pdf
210,april 2020,sp7,58,254,53,0.20866141732283464,pdfs2\IandF_SP7_202004_Examiners_Report_1.1.pdf
211,september 2020,sp7,59,399,80,0.20050125313283207,pdfs2\IandF_SP7_202009_Examiners_Report.pdf
212,april 2021,sp7,65,399,187,0.46867167919799496,pdfs2\IandF_SP7_202104_Examiners_Report.pdf
213,september 2021,sp7,61,295,112,0.37966101694915255,pdfs2\IandF_SP7_202109_ Examiner Report.pdf
214,september 2022,sp7,61,315,119,0.37777777777777777,pdfs2\IandF_SP7_202209_Examiner Report.pdf
215,april 2023,sp7,59,342,146,0.4269005847953216,pdfs2\IandF_SP7_202304_Examiner Report.pdf
216,september 2023,sp7,64,372,154,0.41397849462365593,pdfs2\IandF_SP7_202309_Examiner Report.pdf
217,april 2022,sp7,64,317,141,0.444794952681388,pdfs2\IandF_SP7__202204_Examiner Report.pdf
218,april 2019,sp8,60,Error,Error,Error,pdfs2\IandF_SP8_201904_Examiners_Report.pdf
219,september 2019,sp8,57,Error,Error,Error,pdfs2\IandF_SP8_201909_Examiners_Report.pdf
220,april 2020,sp8,60,274,111,0.4051094890510949,pdfs2\IandF_SP8_202004_Examiners_Report_1.1.pdf
221,september 2020,sp8,57,337,125,0.37091988130563797,pdfs2\IandF_SP8_202009_Examiners_Report.pdf
222,april 2021,sp8,59,325,107,0.3292307692307692,pdfs2\IandF_SP8_202104_Examiners_Report.pdf
223,september 2021,sp8,50,285,104,0.3649122807017544,pdfs2\IandF_SP8_202109_ Examiner Report.pdf
224,september 2022,sp8,57,316,134,0.4240506329113924,pdfs2\IandF_SP8_202209_Examiner Report.pdf
225,april 2023,sp8,55,351,121,0.34472934472934474,pdfs2\IandF_SP8_202304_Examiner Report.pdf
226,september 2023,sp8,60,389,171,0.43958868894601544,pdfs2\IandF_SP8_202309_Examiner Report.pdf
227,april 2019,sp9,61,Error,Error,Error,pdfs2\IandF_SP9_201904_Examiners_Report.pdf
228,september 2019,sp9,63,Error,Error,Error,pdfs2\IandF_SP9_201909_Examiners_Report.pdf
229,april 2020,sp9,64,268,68,0.2537313432835821,pdfs2\IandF_SP9_202004_Examiners_Report_1.2.pdf
230,september 2020,sp9,61,329,132,0.4012158054711246,pdfs2\IandF_SP9_202009_Examiners_Report.pdf
231,april 2021,sp9,61,273,67,0.2454212454212454,pdfs2\IandF_SP9_202104_Examiners_Report.pdf
232,september 2021,sp9,58,238,84,0.35294117647058826,pdfs2\IandF_SP9_202109_ Examiner Report.pdf
233,september 2022,sp9,55,140,55,0.39285714285714285,pdfs2\IandF_SP9_202209_Examiner Report.pdf
234,april 2023,sp9,56,150,81,0.54,pdfs2\IandF_SP9_202304_Examiner report.pdf
235,september 2023,sp9,55,131,62,0.4732824427480916,pdfs2\IandF_SP9_202309_Examiner Report.pdf
236,april 2021,cb2,58,934,518,0.5546038543897216,pdfs2\landF_CB2_202104_Examiners_Report.pdf
237,april 2019,cm1,58,Error,Error,Error,pdfs2\landF_CM1A_201904_Examiners'_Report.pdf
238,april 2019,cm1,58,Error,Error,Error,pdfs2\landF_CM1B_201904_Examiners'_Report.pdf
239,april 2019,cm2,60,Error,Error,Error,pdfs2\landF_CM2A_201904_Examiners'_Report.pdf
240,april 2022,cm2,60,1338,506,0.3781763826606876,pdfs2\landF_CM2A_202204_Examiner Report.pdf
241,april 2019,cm2,60,Error,Error,Error,pdfs2\landF_CM2B_201904_Examiners'_Report.pdf
242,april 2022,cm2,60,1338,506,0.3781763826606876,pdfs2\landF_CM2B_202204_Examiner Report.pdf
243,april 2019,cp1,58,Error,Error,Error,pdfs2\landF_CP1_Paper1_201904_Examiners'.pdf
244,april 2019,cp1,58,Error,Error,Error,pdfs2\landF_CP1_Paper2_201904_Examiners'.pdf
245,april 2020,cp2,60,1097,724,0.6599817684594348,pdfs2\landF_CP2_202004_Examiners'_Report_1.1.pdf
246,april 2022,cp3,60,1324,791,0.5974320241691843,pdfs2\landF_CP3_202204_Examiner Report.pdf
247,april 2019,sa2,54,Error,Error,Error,pdfs2\landF_SA2_201904_Examiners'_Report.pdf
248,april 2022,sa3,65,368,89,0.2418478260869565,pdfs2\landF_SA3_202204_Examiner Report.pdf
249,april 2022,sa7,59,96,28,0.2916666666666667,pdfs2\landF_SA7_202204_Examiner Report.pdf
250,april 2019,sp2,60,Error,Error,Error,pdfs2\landF_SP2_201904_Examiners'_Report.pdf
251,april 2022,sp8,53,319,138,0.43260188087774293,pdfs2\landF_SP8_202204_Examiner Report.pdf
252,april 2024,cb1,63,1358,893,0.6575846833578792,pdfs2\CB1\CB1_April 2024_Examiner Report.pdf
253,april 2025,cb1,58,1120,658,0.5875,pdfs2\CB1\CB1_April 2025_Examiners' Report.pdf
254,september 2024,cb1,63,1337,819,0.612565445026178,pdfs2\CB1\CB1_September 2024_Examiner Report.pdf
255,april 2024,cb2,60,1089,817,0.7502295684113865,pdfs2\CB2\CB2_April 2024_Examiner Report.pdf
256,april 2025,cb2,59,639,401,0.6275430359937402,pdfs2\CB2\CB2_April2025_Examiners' Report.pdf
257,september 2024,cb2,65,1169,861,0.7365269461077845,pdfs2\CB2\CB2_September 2024_Examiner Report.pdf
258,april 2025,cm1,59,1376,548,0.39825581395348836,pdfs2\CM1A\CM1A_ April2025_Examiners' Report.pdf
259,april 2024,cm1,63,1981,872,0.44018172640080766,pdfs2\CM1A\CM1A_April 2024_Examiner Report.pdf
260,september 2024,cm1,58,1599,480,0.300187617260788,pdfs2\CM1A\CM1A_September 2024_Examiner Report.pdf
261,april 2024,cm1,63,1981,872,0.44018172640080766,pdfs2\CM1B\CM1B_April 2024_Examiner Report.pdf
262,april 2025,cm1,59,1376,548,0.39825581395348836,pdfs2\CM1B\CM1B_April2025_Examiners' Report.pdf
263,september 2024,cm1,58,1599,480,0.300187617260788,pdfs2\CM1B\CM1B_September 2024_Examiner Report.pdf
264,april 2024,cm2,56,1307,583,0.44605967865340473,pdfs2\CM2A\CM2A_April 2024_Examiner Report.pdf
265,april 2025,cm2,61,1012,483,0.4772727272727273,pdfs2\CM2A\CM2A_April2025_Examiners' Report.pdf
266,september 2024,cm2,60,1426,661,0.4635343618513324,pdfs2\CM2A\CM2A_September 2024_Examiner Report.pdf
267,april 2024,cm2,56,1307,583,0.44605967865340473,pdfs2\CM2B\CM2B_April 2024_Examiner Report.pdf
268,april 2025,cm2,61,1012,483,0.4772727272727273,pdfs2\CM2B\CM2B_April2025_Examiners' Report.pdf
269,september 2024,cm2,60,1426,661,0.4635343618513324,pdfs2\CM2B\CM2B_September 2024_Examiner Report.pdf
270,september 2024,cp1,53,891,394,0.44219977553310885,pdfs2\CP1 Paper 1\CP1-1_September 2024_Examiner Report.pdf
271,april 2025,cp1,55,1249,544,0.4355484387510008,pdfs2\CP1 Paper 1\CP1_Paper1_April2025_Examiners' Report.pdf
272,september 2024,cp1,53,891,394,0.44219977553310885,pdfs2\CP1 Paper 2\CP1-2_September 2024_Examiner Report.pdf
273,april 2025,cp1,55,1249,544,0.4355484387510008,pdfs2\CP1 Paper 2\CP1_Paper2_April2025_Examiners' Report.pdf
274,april 2024,cp1,56,1553,703,0.45267224726336125,pdfs2\CP1-1\CP1-1_April 2024_Examiner Report.pdf
275,april 2024,cp1,56,1553,703,0.45267224726336125,pdfs2\CP1-2\CP1-2_April 2024_Examiner Report.pdf
276,september 2024,cp2,60,1451,877,0.6044107512060648,pdfs2\CP2 Paper 1\CP2-1_September 2024_Examiner Report.pdf
277,april 2025,cp2,59,968,572,0.5909090909090909,pdfs2\CP2 Paper 1\CP2_P1_April2025_Examiners' Report.pdf
278,september 2024,cp2,60,1451,877,0.6044107512060648,pdfs2\CP2 Paper 2\CP2-2_September 2024_Examiner Report.pdf
279,april 2025,cp2,59,968,572,0.5909090909090909,pdfs2\CP2 Paper 2\CP2-P2_April2025_Examiners' Report.pdf
280,april 2024,cp2,61,1167,706,0.6049700085689803,pdfs2\CP2-1\CP2-1_April 2024_Examiner Report.pdf
281,april 2024,cp2,61,1167,706,0.6049700085689803,pdfs2\CP2-2\CP2-2_April 2024_Examiner Report.pdf
282,april 2024,cp3,55,1357,647,0.4767870302137067,pdfs2\CP3\CP3_April 2024_Examiner Report.pdf
283,april 2025,cp3,59,1322,702,0.5310136157337367,pdfs2\CP3\CP3_April2025_Examiners' Report.pdf
284,september 2024,cp3,55,1692,966,0.5709219858156028,pdfs2\CP3\CP3_September 2024_Examiner Report.pdf
285,april 2024,cs1,59,1613,771,0.47799132052076876,pdfs2\CS1A\CS1A_April 2024_Examiner Report.pdf
286,april 2025,cs1,55,1070,469,0.4383177570093458,pdfs2\CS1A\CS1A_April2025_Examiners' Report.pdf
287,september 2024,cs1,59,1672,849,0.5077751196172249,pdfs2\CS1A\CS1A_September 2024_Examiner Report.pdf
288,april 2024,cs1,59,1613,771,0.47799132052076876,pdfs2\CS1B\CS1B_April 2024_Examiner Report.pdf
289,april 2025,cs1,55,1070,469,0.4383177570093458,pdfs2\CS1B\CS1B_April2025_Examiners' Report.pdf
290,september 2024,cs1,59,1672,849,0.5077751196172249,pdfs2\CS1B\CS1B_September 2024_Examiner Report.pdf
291,april 2024,cs2,55,1286,463,0.36003110419906686,pdfs2\CS2A\CS2A_April 2024_Examiner Report.pdf
292,april 2025,cs2,57,948,456,0.4810126582278481,pdfs2\CS2A\CS2A_April2025_Examiners' Report.pdf
293,september 2024,cs2,55,1167,549,0.4704370179948586,pdfs2\CS2A\CS2A_September 2024_Examiner Report.pdf
294,april 2024,cs2,55,1286,463,0.36003110419906686,pdfs2\CS2B\CS2B_April 2024_Examiner Report.pdf
295,april 2025,cs2,57,948,456,0.4810126582278481,pdfs2\CS2B\CS2B_April2025_Examiners' Report.pdf
296,april 2023,cp1,62,1360,612,0.45,pdfs2\iandf_cp11_april-23\IandF_CP11_202304_Examiner Report.pdf
297,april 2023,cp1,62,1360,612,0.45,pdfs2\iandf_cp12_apri-23\IandF_CP12_202304_Examiner Report.pdf
298,september 2023,cp2,58,1250,714,0.5712,pdfs2\iandf_cp22_september-2023\IandF_CP22_202309_Examiner Report.pdf
299,september 2022,sa7,59,90,34,0.37777777777777777,pdfs2\IandF_SA7_09_2022\IandF_SA7_202209_Examiner Report.pdf
300,september 2020,cm1,58,1717,797,0.46418171228887595,pdfs2\IandF_SubjCM1A_09_2020\IandF_CM1A_202009_Examiners_Report.pdf
301,april 2019,cp2,60,Error,Error,Error,pdfs2\IandF_SubjCP2-1_04_2019_0 (1)\IandF_SubjCP2-1_04_2019\landF_CP2_paper1&2_201904_Examiners'_Report.pdf
302,april 2019,cp2,60,Error,Error,Error,pdfs2\IandF_SubjCP2-2_04_2019_0\IandF_SubjCP2-2_04_2019\landF_CP2_paper1&2_201904_Examiners'_Report.pdf
303,april 2019,cp3,58,Error,Error,Error,pdfs2\IandF_SubjCP3_04_2019\IandF_CP3_201904_Examiners_Report.pdf
304,september 2020,sa2,64,391,165,0.4219948849104859,pdfs2\IandF_SubjSA2_09_2020\IandF_SA2_202009_Examiners_Report.pdf
305,april 2019,sp5,55,Error,Error,Error,pdfs2\IandF_SubjSP5_04_2019\IandF_SP5_201904_Examiners_Report.pdf
306,september 2020,sp5,62,336,162,0.48214285714285715,pdfs2\IandF_SubjSP5_09_2020\IandF_SP5_202009_Examiners_Report.pdf
307,april 2022,sp9,52,150,69,0.46,pdfs2\iandf_subjsp9_04_2022\IandF_SP9_202204_Examiner Report.pdf
308,april 2024,sa1,56,80,37,0.4625,pdfs2\SA1\SA1_April 2024_Examiner Report.pdf
309,april 2025,sa1,55,50,22,0.44,pdfs2\SA1\SA1_April2025_Examiners' Report.pdf
310,september 2024,sa1,57,69,32,0.463768115942029,pdfs2\SA1\SA1_September 2024_Examiner Report.pdf
311,april 2024,sa2,60,570,194,0.34035087719298246,pdfs2\SA2\SA2_April 2024_Examiner report.pdf
312,april 2025,sa2,45,441,199,0.4512471655328798,pdfs2\SA2\SA2_April2025_Examiners' Report.pdf
313,september 2024,sa2,60,566,242,0.4275618374558304,pdfs2\SA2\SA2_September 2024_Examiner Report.pdf
314,april 2024,sa3,65,492,224,0.45528455284552843,pdfs2\SA3\SA3_April 2024_Examiner Report.pdf
315,april 2025,sa3,58,443,140,0.3160270880361174,pdfs2\SA3\SA3_April2025_Examiners' Report.pdf
316,september 2024,sa3,60,451,169,0.37472283813747226,pdfs2\SA3\SA3_September 2024_Examiner Report.pdf
317,april 2024,sa4,54,176,74,0.42045454545454547,pdfs2\SA4\SA4_April 2024_Examiner Report.pdf
318,april 2025,sa4,55,167,88,0.5269461077844312,pdfs2\SA4\SA4_April 2025_Examiners' Report.pdf
319,september 2024,sa4,55,145,67,0.46206896551724136,pdfs2\SA4\SA4_September 2024_Examiner Report.pdf
320,april 2024,sa7,58,110,57,0.5181818181818182,pdfs2\SA7\SA7_April 2024_Examiner Report.pdf
321,april 2025,sa7,59,83,42,0.5060240963855421,pdfs2\SA7\SA7_April2025_Examiners' Report.pdf
322,september 2024,sa7,62,103,43,0.4174757281553398,pdfs2\SA7\SA7_September 2024_Examiner Report.pdf
323,april 2024,sp1,60,334,185,0.5538922155688623,pdfs2\SP1\SP1_April 2024_Examiner Report.pdf
324,april 2025,sp1,55,218,111,0.5091743119266054,pdfs2\SP1\SP1_April2025_Examiners' Report.pdf
325,september 2024,sp1,57,385,189,0.4909090909090909,pdfs2\SP1\SP1_September 2024_Examiner Report.pdf
326,april 2024,sp2,53,576,294,0.5104166666666666,pdfs2\SP2\SP2_April 2024_Examiner Report.pdf
327,april 2025,sp2,55,418,175,0.41866028708133973,pdfs2\SP2\SP2_April 2025_Examiners Report.pdf
328,september 2024,sp2,58,599,258,0.4307178631051753,pdfs2\SP2\SP2_September 2024_Examiner Report.pdf
329,april 2024,sp4,60,151,82,0.543046357615894,pdfs2\SP4\SP4_April 2024_Examiner Report.pdf
330,april 2025,sp4,58,131,85,0.648854961832061,pdfs2\SP4\SP4_April2025_Examiners' Report.pdf
331,september 2024,sp4,62,147,78,0.5306122448979592,pdfs2\SP4\SP4_September 2024_Examiner Report.pdf
332,april 2024,sp5,63,262,145,0.5534351145038168,pdfs2\SP5\SP5_April 2024_Examiner Report.pdf
333,april 2025,sp5,Error,192,98,0.5104166666666666,pdfs2\SP5\SP5_April2025_Examiners' Report.pdf
334,september 2024,sp5,61,262,129,0.49236641221374045,pdfs2\SP5\SP5_September 2024_Examiner Report.pdf
335,april 2024,sp6,60,22,17,0.7727272727272727,pdfs2\SP6\SP6_April 2024_Examiner Report.pdf
336,april 2025,sp6,59,25,13,0.52,pdfs2\SP6\SP6_April2025_Examiners' Report.pdf
337,september 2024,sp6,60,42,33,0.7857142857142857,pdfs2\SP6\SP6_September 2024_Examiner Report.pdf
338,april 2024,sp7,60,456,210,0.4605263157894737,pdfs2\SP7\SP7_April 2024_Examiner Report.pdf
339,april 2025,sp7,60,397,173,0.4357682619647355,pdfs2\SP7\SP7_April2025_Examiners' Report.pdf
340,september 2024,sp7,61,420,206,0.49047619047619045,pdfs2\SP7\SP7_September 2024_Examiner Report.pdf
341,april 2024,sp8,62,434,171,0.39400921658986177,pdfs2\SP8\SP8_April 2024_Examiner Report.pdf
342,april 2025,sp8,57,387,139,0.35917312661498707,pdfs2\SP8\SP8_April2025_Examiners' Report.pdf
343,september 2024,sp8,57,439,199,0.4533029612756264,pdfs2\SP8\SP8_September 2024_Examiner Report.pdf
344,april 2024,sp9,60,167,79,0.47305389221556887,pdfs2\SP9\SP9_April 2024_Examiner Report.pdf
345,april 2025,sp9,55,147,54,0.3673469387755102,pdfs2\SP9\SP9_April2025_Examiners' Report.pdf
346,september 2024,sp9,57,157,70,0.445859872611465,pdfs2\SP9\SP9_September 2024_Examiner Report.pdf
